GeneName,Species,Chromosome,RegionType,Seq,Target_Seq,ProbeSize,theStartPos,theEndPos,Target_Strand,Probe_Strand,dGOpt,dGScore,dG37,GCpc,GCFilter,PNASFilter,aCompFilter,aStackFilter,cCompFilter,cStackFilter,cSpecStackFilter,NbOfPNAS,SNPs_Covered_Count,SNPs_Covered_Positions,SNPs_Covered_Types,RT_Coverage_Start,RT_Coverage_End,RT_Coverage_Strand,RTBC_5Prime_Sequence,InsideUTR,MaskedFilter,RepeatMaskerPC,ProbeName,PercentAlignment,NumberOfHits,UniqueHitName,Start,End
Atrx,mouse,X,intron,CCTGTGGCACAAACCTATTGAACCCTCTTTCC,GGAAAGAGGGTTCAATAGGTTTGTGCCACAGG,32,105827435,105827466,-,+,-32,0.947849405,-37.87849405,0.5,1,1,1,1,0,1,0,3,4,"chrX:105827337,chrX:105827369,chrX:105827380,chrX:105827416","G/G,A/A,A/A,G/G,G/G,A/A,G/G,A/A",105827335,105827434,-,/5Phos/TGACTTGAGGATCCTGTGGCACAAACCTATTGAACCCTCTTTCC,0,1,0,Atrx_probe_76,100,1,"Mus musculus strain C57BL/6J chromosome X, GRCm39",104871041,104871072
Atrx,mouse,X,intron,CTTAGTGATTGTTCACAGAGCTGACGACCT,AGGTCGTCAGCTCTGTGAACAATCACTAAG,30,105905917,105905946,-,+,-32,0.947849405,-31.47849405,0.466666667,1,1,1,1,1,1,1,5,3,"chrX:105905830,chrX:105905859,chrX:105905906","A/A,G/G,A/A,G/G,T/T,C/C",105905817,105905916,-,/5Phos/TGACTTGAGGATCTTAGTGATTGTTCACAGAGCTGACGACCT,0,1,0,Atrx_probe_88,100,1,"Mus musculus strain C57BL/6J chromosome X, GRCm39",104949523,104949552
Atrx,mouse,X,intron,TGGGTTCCCGAGATGAGGTCTTCAGG,CCTGAAGACCTCATCTCGGGAACCCA,26,105827407,105827432,-,+,-32,0.972150595,-29.27849405,0.576923077,1,1,1,1,0,1,1,4,3,"chrX:105827337,chrX:105827369,chrX:105827380","G/G,A/A,A/A,G/G,G/G,A/A",105827307,105827406,-,/5Phos/TGACTTGAGGATTGGGTTCCCGAGATGAGGTCTTCAGG,0,1,0,Atrx_probe_103,100,1,"Mus musculus strain C57BL/6J chromosome X, GRCm39",104871013,104871038
Diaph2,mouse,X,intron,GCTCACTAAAGGGTGTGCATTTTCAGGTTTTA,TAAAACCTGAAAATGCACACCCTTTAGTGAGC,32,130341905,130341936,+,-,-32,0.987849405,-30.77849405,0.40625,1,1,1,1,0,1,1,4,3,"chrX:130341940,chrX:130341971,chrX:130342033","T/T,C/C,T/T,C/C,A/A,C/C",130341937,130342036,+,/5Phos/TGACTTGAGGATGCTCACTAAAGGGTGTGCATTTTCAGGTTTTA,0,1,0,Diaph2_probe_97,100,1,"Mus musculus strain C57BL/6J chromosome X, GRCm39",129242654,129242685
Diaph2,mouse,X,intron,TGTTTTGCTTCTAGGTCTGTGGTGACACAAAC,GTTTGTGTCACCACAGACCTAGAAGCAAAACA,32,130369587,130369618,+,-,-32,0.997849405,-32.07849405,0.4375,1,1,1,1,0,1,1,4,3,"chrX:130369621,chrX:130369647,chrX:130369660","G/G,A/A,T/T,C/C,C/C,T/T",130369619,130369718,+,/5Phos/TGACTTGAGGATTGTTTTGCTTCTAGGTCTGTGGTGACACAAAC,0,1,0,Diaph2_probe_93,100,1,"Mus musculus strain C57BL/6J chromosome X, GRCm39",129270336,129270367
Diaph2,mouse,X,intron,GTCCCATGATGCCTTAGAGATCACTGAGA,TCTCAGTGATCTCTAAGGCATCATGGGAC,29,130379200,130379228,+,-,-32,0.932150595,-32.67849405,0.482758621,1,1,1,1,1,1,1,5,2,"chrX:130379231,chrX:130379262","G/G,T/T,A/A,T/T",130379229,130379328,+,/5Phos/TGACTTGAGGATGTCCCATGATGCCTTAGAGATCACTGAGA,0,1,0,Diaph2_probe_144,100,1,"Mus musculus strain C57BL/6J chromosome X, GRCm39",129279949,129279977
Gpc4,mouse,X,intron,TTTGGTTTGGTTTCGCGTGGGTACTTGATG,CATCAAGTACCCACGCGAAACCAAACCAAA,30,52152526,52152555,-,+,-32,0.957849405,-29.17849405,0.466666667,1,1,1,1,0,1,1,4,5,"chrX:52152496,chrX:52152497,chrX:52152502,chrX:52152506,chrX:52152524","G/G,A/A,A/A,T/T,C/C,G/G,A/A,C/C,G/G,T/T",52152426,52152525,-,/5Phos/TGACTTGAGGATTTTGGTTTGGTTTCGCGTGGGTACTTGATG,0,1,0,Gpc4_probe_31,100,1,"Mus musculus strain C57BL/6J chromosome X, GRCm39",51241403,51241432
Gpc4,mouse,X,intron,CACTGTCAAGTGCTTCAATTGAGTGAACTCCT,AGGAGTTCACTCAATTGAAGCACTTGACAGTG,32,52122229,52122260,-,+,-32,0.977849405,-33.37849405,0.4375,1,1,1,1,1,1,1,5,4,"chrX:52122185,chrX:52122190,chrX:52122205,chrX:52122225","T/T,C/C,A/A,G/G,G/G,T/T,T/T,A/A",52122129,52122228,-,/5Phos/TGACTTGAGGATCACTGTCAAGTGCTTCAATTGAGTGAACTCCT,0,1,0,Gpc4_probe_45,100,1,"Mus musculus strain C57BL/6J chromosome X, GRCm39",51211106,51211137
Gpc4,mouse,X,intron,AAGTGTTCTCTTCCCACGCTGGGAGGA,TCCTCCCAGCGTGGGAAGAGAACACTT,27,52076432,52076458,-,+,-32,0.987849405,-31.97849405,0.555555556,1,1,1,1,1,1,0,4,4,"chrX:52076356,chrX:52076393,chrX:52076424,chrX:52076425","T/T,C/C,A/A,G/G,T/T,C/C,G/G,A/A",52076332,52076431,-,/5Phos/TGACTTGAGGATAAGTGTTCTCTTCCCACGCTGGGAGGA,0,1,0,Gpc4_probe_57,100,1,"Mus musculus strain C57BL/6J chromosome X, GRCm39",51165309,51165335
Hdac3,mouse,18,intron,CCGGTCAGTGAGGTAGAAGGCTTCCT,AGGAAGCCTTCTACCTCACTGACCGG,26,37944944,37944969,-,+,-32,0.942150595,-29.37849405,0.576923077,1,1,1,1,1,1,1,5,3,"chr18:37944855,chr18:37944856,chr18:37944873","A/A,C/C,C/C,A/A,C/C,A/A",37944844,37944943,-,/5Phos/TGACTTGAGGATCCGGTCAGTGAGGTAGAAGGCTTCCT,0,1,0,Hdac3_probe_89,100,1,"Mus musculus strain C57BL/6J chromosome 18, GRCm39",38077997,38078022
Hdac3,mouse,18,intron,CCTCAGTCAGTCTGTGAGCAGTTGCTTAC,GTAAGCAACTGCTCACAGACTGACTGAGG,29,37936734,37936762,-,+,-32,0.972150595,-32.57849405,0.517241379,1,1,1,1,1,1,1,5,2,"chr18:37936708,chr18:37936718","A/A,G/G,C/C,A/A",37936634,37936733,-,/5Phos/TGACTTGAGGATCCTCAGTCAGTCTGTGAGCAGTTGCTTAC,0,1,0,Hdac3_probe_132,100,1,"Mus musculus strain C57BL/6J chromosome 18, GRCm39",38069787,38069815
Hdac3,mouse,18,intron,TATTTCAAGGTCAGATCCTCAGTTGGCAACT,AGTTGCCAACTGAGGATCTGACCTTGAAATA,31,37941208,37941238,-,+,-32,0.977849405,-32.07849405,0.419354839,1,1,1,1,1,1,1,5,2,"chr18:37941140,chr18:37941197","T/T,C/C,A/A,G/G",37941108,37941207,-,/5Phos/TGACTTGAGGATTATTTCAAGGTCAGATCCTCAGTTGGCAACT,0,1,0,Hdac3_probe_131,100,1,"Mus musculus strain C57BL/6J chromosome 18, GRCm39",38074261,38074291
Kdm5c,mouse,X,intron,TGCGCCACCATGTGGTTTAACTATTGACCTT,AAGGTCAATAGTTAAACCACATGGTGGCGCA,31,152251962,152251992,+,-,-32,0.987849405,-34.77849405,0.451612903,1,1,1,1,1,1,0,4,3,"chrX:152252014,chrX:152252017,chrX:152252041","G/G,A/A,G/G,A/A,C/C,T/T",152251993,152252092,+,/5Phos/TGACTTGAGGATTGCGCCACCATGTGGTTTAACTATTGACCTT,0,1,0,Kdm5c_probe_5276,100,1,"Mus musculus strain C57BL/6J chromosome X, GRCm39",151034958,151034988
Kdm5c,mouse,X,intron,AGGTTGGAAAGGCTTCCTGTGGGTCC,GGACCCACAGGAAGCCTTTCCAACCT,26,152236903,152236928,+,-,-32,0.912150595,-29.87849405,0.576923077,1,1,1,1,0,1,1,4,2,"chrX:152237010,chrX:152237028","G/G,A/A,A/A,G/G",152236929,152237028,+,/5Phos/TGACTTGAGGATAGGTTGGAAAGGCTTCCTGTGGGTCC,0,1,0,Kdm5c_probe_178,100,1,"Mus musculus strain C57BL/6J chromosome X, GRCm39",151019899,151019924
Kdm5c,mouse,X,intron,GTGATGTGTGTGGCAGTATGGCATTC,GAATGCCATACTGCCACACACATCAC,26,152241779,152241804,+,-,-32,0.997849405,-27.77849405,0.5,1,1,1,1,0,1,1,4,2,"chrX:152241837,chrX:152241838","T/T,A/A,T/T,A/A",152241805,152241904,+,/5Phos/TGACTTGAGGATGTGATGTGTGTGGCAGTATGGCATTC,0,1,0,Kdm5c_probe_149,100,1,"Mus musculus strain C57BL/6J chromosome X, GRCm39",151024775,151024800
Kdm6a,mouse,X,intron,GTGCCAGTAGCATTCTGTAACACTTTCCCTTG,CAAGGGAAAGTGTTACAGAATGCTACTGGCAC,32,18243436,18243467,+,-,-32,0.987849405,-35.77849405,0.46875,1,1,1,1,0,1,1,4,4,"chrX:18243476,chrX:18243506,chrX:18243527,chrX:18243566","A/A,T/T,T/T,C/C,A/A,G/G,C/C,A/A",18243468,18243567,+,/5Phos/TGACTTGAGGATGTGCCAGTAGCATTCTGTAACACTTTCCCTTG,0,1,0,Kdm6a_probe_60,100,1,"Mus musculus strain C57BL/6J chromosome X, GRCm39",18109675,18109706
Kdm6a,mouse,X,exon,TCTGCTTCCAAGGACTTCTGGAGATACTGAA,TTCAGTATCTCCAGAAGTCCTTGGAAGCAGA,31,18241762,18241792,+,-,-32,0.972150595,-33.47849405,0.451612903,1,1,1,1,1,1,1,5,3,"chrX:18241843,chrX:18241870,chrX:18241885","G/G,T/T,C/C,A/A,T/T,A/A",18241793,18241892,+,/5Phos/TGACTTGAGGATTCTGCTTCCAAGGACTTCTGGAGATACTGAA,0,1,0,Kdm6a_probe_5766,100,1,"Mus musculus strain C57BL/6J chromosome X, GRCm39",18108001,18108031
Kdm6a,mouse,X,intron,CAAGTGTGGTGGTACATGTCATCTAGTACA,TGTACTAGATGACATGTACCACCACACTTG,30,18216290,18216319,+,-,-32,0.982150595,-29.27849405,0.433333333,1,1,1,1,0,1,1,4,3,"chrX:18216321,chrX:18216367,chrX:18216392","C/C,T/T,G/G,A/A,G/G,C/C",18216320,18216419,+,/5Phos/TGACTTGAGGATCAAGTGTGGTGGTACATGTCATCTAGTACA,0,1,0,Kdm6a_probe_100,100,1,"Mus musculus strain C57BL/6J chromosome X, GRCm39",18082529,18082558
Mecp2,mouse,X,intron,GCTACCAAACACGTTTTTGAGGTCTTGTGAGA,TCTCACAAGACCTCAAAAACGTGTTTGGTAGC,32,74093592,74093623,-,+,-32,0.967849405,-31.07849405,0.4375,1,1,1,1,0,1,1,4,5,"chrX:74093512,chrX:74093530,chrX:74093548,chrX:74093549,chrX:74093573","G/G,T/T,C/C,T/T,G/G,A/A,T/T,G/G,T/T,C/C",74093492,74093591,-,/5Phos/TGACTTGAGGATGCTACCAAACACGTTTTTGAGGTCTTGTGAGA,0,1,0,Mecp2_probe_28,100,1,"Mus musculus strain C57BL/6J chromosome X, GRCm39",73137198,73137229
Mecp2,mouse,X,intron,TGGTTGTGACCCGCCATGGATTGGTG,CACCAATCCATGGCGGGTCACAACCA,26,74037785,74037810,-,+,-32,0.942150595,-30.77849405,0.576923077,1,1,1,1,0,1,0,3,5,"chrX:74037690,chrX:74037734,chrX:74037736,chrX:74037758,chrX:74037762","C/C,T/T,T/T,C/C,G/G,T/T,C/C,T/T,C/C,T/T",74037685,74037784,-,/5Phos/TGACTTGAGGATTGGTTGTGACCCGCCATGGATTGGTG,0,1,0,Mecp2_probe_42,100,1,"Mus musculus strain C57BL/6J chromosome X, GRCm39",73081391,73081416
Mecp2,mouse,X,intron,ATTTCAGCGGTGTAACCCAATTTCCTCATCCC,GGGATGAGGAAATTGGGTTACACCGCTGAAAT,32,74037915,74037946,-,+,-32,0.987849405,-36.97849405,0.46875,1,1,1,1,0,1,0,3,5,"chrX:74037823,chrX:74037825,chrX:74037845,chrX:74037857,chrX:74037879","G/G,C/C,G/G,T/T,C/C,T/T,G/G,T/T,T/T,C/C",74037815,74037914,-,/5Phos/TGACTTGAGGATATTTCAGCGGTGTAACCCAATTTCCTCATCCC,0,1,0,Mecp2_probe_38,100,1,"Mus musculus strain C57BL/6J chromosome X, GRCm39",73081521,73081552
Mid1,mouse,X,exon-intron,CGGACTAACCTTCAATTTGTCATAGCGCTCAC,GTGAGCGCTATGACAAATTGAAGGTTAGTCCG,32,169927647,169927678,+,-,-32,0.947849405,-34.87849405,0.46875,1,1,1,1,0,1,1,4,14,"chrX:169927680,chrX:169927687,chrX:169927701,chrX:169927710,chrX:169927711,chrX:169927722,chrX:169927736,chrX:169927738,chrX:169927743,chrX:169927747,chrX:169927750,chrX:169927767,chrX:169927771,chrX:169927778","T/T,C/C,T/T,C/C,T/T,C/C,A/A,C/C,A/A,G/G,A/A,G/G,T/T,C/C,A/A,G/G,T/T,C/C,T/T,G/G,A/A,G/G,T/T,C/C,T/T,C/C,T/T,C/C",169927679,169927778,+,/5Phos/TGACTTGAGGATCGGACTAACCTTCAATTTGTCATAGCGCTCAC,0,1,0,Mid1_probe_0,100,1,"Mus musculus strain C57BL/6J chromosome X, GRCm39",168710643,168710674
Mid1,mouse,X,intron,CCCAATTCCAGCCTTTGGAGACCTATACCTA,TAGGTATAGGTCTCCAAAGGCTGGAATTGGG,31,169958533,169958563,+,-,-32,0.977849405,-36.57849405,0.483870968,1,1,1,1,0,1,0,3,10,"chrX:169958569,chrX:169958580,chrX:169958585,chrX:169958599,chrX:169958606,chrX:169958615,chrX:169958628,chrX:169958647,chrX:169958650,chrX:169958653","C/C,.,C/C,.,T/T,.,G/G,.,T/T,.,G/G,.,G/G,.,C/C,.,C/C,.,T/T,.",169958564,169958663,+,/5Phos/TGACTTGAGGATCCCAATTCCAGCCTTTGGAGACCTATACCTA,0,1,0,Mid1_probe_3,100,1,"Mus musculus strain C57BL/6J chromosome X, GRCm39",168741529,168741559
Mid1,mouse,X,intron,GGGTGTCTATCTTCTCTTGTCTGCGTTACCTA,TAGGTAACGCAGACAAGAGAAGATAGACACCC,32,169929007,169929038,+,-,-32,0.957849405,-35.97849405,0.46875,1,1,1,1,1,1,1,5,9,"chrX:169929039,chrX:169929041,chrX:169929061,chrX:169929063,chrX:169929087,chrX:169929095,chrX:169929102,chrX:169929121,chrX:169929134","A/A,G/G,T/T,G/G,A/A,G/G,T/T,C/C,A/A,G/G,A/A,C/C,A/A,C/C,T/T,C/C,A/A,G/G",169929039,169929138,+,/5Phos/TGACTTGAGGATGGGTGTCTATCTTCTCTTGTCTGCGTTACCTA,0,1,0,Mid1_probe_4,100,1,"Mus musculus strain C57BL/6J chromosome X, GRCm39",168712003,168712034
Nanog,mouse,6,intron,GGCCTTCAGCAAGAGACAAGTGCTCCT,AGGAGCACTTGTCTCTTGCTGAAGGCC,27,122709184,122709210,+,-,-32,0.922150595,-32.77849405,0.555555556,1,1,1,1,0,1,1,4,2,"chr6:122709267,chr6:122709279","G/G,A/A,C/C,T/T",122709211,122709310,+,/5Phos/TGACTTGAGGATGGCCTTCAGCAAGAGACAAGTGCTCCT,0,1,0,Nanog_probe_9077,100,1,"Mus musculus strain C57BL/6J chromosome 6, GRCm39",122686143,122686169
Nanog,mouse,6,intron,TACCTTCTGAGTGGAGGTTTATCCAAAGACTC,GAGTCTTTGGATAAACCTCCACTCAGAAGGTA,32,122709938,122709969,+,-,-32,0.992150595,-32.27849405,0.4375,1,1,1,1,0,1,1,4,2,"chr6:122709989,chr6:122710057","G/G,A/A,A/A,G/G",122709970,122710069,+,/5Phos/TGACTTGAGGATTACCTTCTGAGTGGAGGTTTATCCAAAGACTC,0,1,0,Nanog_probe_153,100,1,"Mus musculus strain C57BL/6J chromosome 6, GRCm39",122686897,122686928
Nanog,mouse,6,intron,ACAGTGAGACCCTGATTTGGGGATGG,CCATCCCCAAATCAGGGTCTCACTGT,26,122712183,122712208,+,-,-32,0.982150595,-28.77849405,0.538461538,1,1,1,1,0,1,1,4,2,"chr6:122712216,chr6:122712222","A/A,T/T,C/C,T/T",122712209,122712308,+,/5Phos/TGACTTGAGGATACAGTGAGACCCTGATTTGGGGATGG,0,1,0,Nanog_probe_157,100,1,"Mus musculus strain C57BL/6J chromosome 6, GRCm39",122689142,122689167
Pir,mouse,X,intron,TCAAATCGTGGTGGCTATTTAAGCATTTCCCT,AGGGAAATGCTTAAATAGCCACCACGATTTGA,32,164269823,164269854,+,-,-32,0.977849405,-33.27849405,0.40625,1,1,1,1,0,1,1,4,5,"chrX:164269857,chrX:164269862,chrX:164269876,chrX:164269897,chrX:164269907","T/T,C/C,G/G,T/T,T/T,C/C,T/T,C/C,T/T,C/C",164269855,164269954,+,/5Phos/TGACTTGAGGATTCAAATCGTGGTGGCTATTTAAGCATTTCCCT,0,1,0,Pir_probe_24,100,1,"Mus musculus strain C57BL/6J chromosome X, GRCm39",163052819,163052850
Pir,mouse,X,intron,GTAGGCAGTTATGAGGGAGATTGTCT,AGACAATCTCCCTCATAACTGCCTAC,26,164302411,164302436,+,-,-32,0.917849405,-25.27849405,0.461538462,1,1,1,1,0,1,1,4,5,"chrX:164302438,chrX:164302439,chrX:164302451,chrX:164302472,chrX:164302536","C/C,G/G,A/A,G/G,C/C,T/T,T/T,A/A,T/T,A/A",164302437,164302536,+,/5Phos/TGACTTGAGGATGTAGGCAGTTATGAGGGAGATTGTCT,0,1,0,Pir_probe_36,100,1,"Mus musculus strain C57BL/6J chromosome X, GRCm39",163085407,163085432
Pir,mouse,X,intron,TCCCTCTTCTCTCCTTGATTGTATGGGATTGA,TCAATCCCATACAATCAAGGAGAGAAGAGGGA,32,164314635,164314666,+,-,-32,0.937849405,-36.07849405,0.4375,1,1,1,1,1,1,0,4,5,"chrX:164314689,chrX:164314715,chrX:164314730,chrX:164314733,chrX:164314739","A/A,.,T/T,.,T/T,.,A/A,.,A/A,.",164314667,164314766,+,/5Phos/TGACTTGAGGATTCCCTCTTCTCTCCTTGATTGTATGGGATTGA,0,1,0,Pir_probe_34,100,1,"Mus musculus strain C57BL/6J chromosome X, GRCm39",163097631,163097662
Pou5f1,mouse,17,intron,GGGTGTCCCTTTCTTGTTTACAAGGAAAGGTA,TACCTTTCCTTGTAAACAAGAAAGGGACACCC,32,35507072,35507103,+,-,-32,0.962150595,-30.47849405,0.4375,1,1,1,1,0,1,1,4,3,"chr17:35507161,chr17:35507162,chr17:35507189","C/C,T/T,C/C,T/T,C/C,T/T",35507104,35507203,+,/5Phos/TGACTTGAGGATGGGTGTCCCTTTCTTGTTTACAAGGAAAGGTA,0,1,0,Pou5f1_probe_108,100,1,"Mus musculus strain C57BL/6J chromosome 17, GRCm39",35817969,35818000
Pou5f1,mouse,17,intron,GCCGGTTTCTGATTCTTGCAATTCTGGGTTC,GAACCCAGAATTGCAAGAATCAGAAACCGGC,31,35506618,35506648,+,-,-32,0.982150595,-34.07849405,0.483870968,1,1,1,1,1,1,1,5,2,"chr17:35506661,chr17:35506693","G/G,T/T,C/C,T/T",35506649,35506748,+,/5Phos/TGACTTGAGGATGCCGGTTTCTGATTCTTGCAATTCTGGGTTC,0,1,0,Pou5f1_probe_130,100,1,"Mus musculus strain C57BL/6J chromosome 17, GRCm39",35817515,35817545
Pou5f1,mouse,17,intron,CTAAGGGAGCATTGACTGGATGTGGC,GCCACATCCAGTCAATGCTCCCTTAG,26,35509852,35509877,+,-,-32,0.902150595,-28.37849405,0.538461538,1,1,1,1,0,1,1,4,2,"chr17:35509925,chr17:35509935","T/T,C/C,T/T,C/C",35509878,35509977,+,/5Phos/TGACTTGAGGATCTAAGGGAGCATTGACTGGATGTGGC,0,1,0,Pou5f1_probe_179,100,1,"Mus musculus strain C57BL/6J chromosome 17, GRCm39",35820749,35820774
Rbmx,mouse,X,intron,ATCTGCGTTCACATTACTGGCTGAGTTTCCA,TGGAAACTCAGCCAGTAATGTGAACGCAGAT,31,57383838,57383868,-,+,-32,0.987849405,-34.87849405,0.451612903,1,1,1,1,1,1,1,5,3,"chrX:57383785,chrX:57383789,chrX:57383795","C/C,G/G,T/T,C/C,T/T,C/C",57383738,57383837,-,/5Phos/TGACTTGAGGATATCTGCGTTCACATTACTGGCTGAGTTTCCA,0,1,0,Rbmx_probe_80,100,1,"Mus musculus strain C57BL/6J chromosome X, GRCm39",56429198,56429228
Rlim,mouse,X,intron,TGTCAGGCTTTGTGATCTGCACTTTAAACTGT,ACAGTTTAAAGTGCAGATCACAAAGCCTGACA,32,103965504,103965535,-,+,-32,0.957849405,-32.87849405,0.40625,1,1,1,1,0,1,1,4,2,"chrX:103965432,chrX:103965441","G/G,A/A,A/A,G/G",103965404,103965503,-,/5Phos/TGACTTGAGGATTGTCAGGCTTTGTGATCTGCACTTTAAACTGT,0,1,0,Rlim_probe_168,100,1,"Mus musculus strain C57BL/6J chromosome X, GRCm39",103009110,103009141
Rlim,mouse,X,intron,TAAATATAGTAGCAGCCGGGCGTGGT,ACCACGCCCGGCTGCTACTATATTTA,26,103966164,103966189,-,+,-32,0.942150595,-27.77849405,0.5,1,1,1,1,0,1,1,4,2,"chrX:103966145,chrX:103966156","C/C,A/A,C/C,T/T",103966064,103966163,-,/5Phos/TGACTTGAGGATTAAATATAGTAGCAGCCGGGCGTGGT,0,1,0,Rlim_probe_10084,100,1,"Mus musculus strain C57BL/6J chromosome X, GRCm39",103009770,103009795
Rlim,mouse,X,intron,AAGCACAGCCATGCATGCTTGTGTTATG,CATAACACAAGCATGCATGGCTGTGCTT,28,103967171,103967198,-,+,-32,0.992150595,-31.97849405,0.464285714,1,1,1,1,0,1,1,4,2,"chrX:103967086,chrX:103967157","T/T,C/C,C/C,T/T",103967071,103967170,-,/5Phos/TGACTTGAGGATAAGCACAGCCATGCATGCTTGTGTTATG,0,1,0,Rlim_probe_10071,100,1,"Mus musculus strain C57BL/6J chromosome X, GRCm39",103010777,103010804
Rps6ka3,mouse,X,intron,CACTTGTAGTGAAATCTTAGTTGTGGTAGTCC,GGACTACCACAACTAAGATTTCACTACAAGTG,32,159346559,159346590,+,-,-32,0.917849405,-28.97849405,0.40625,1,1,1,1,0,1,1,4,8,"chrX:159346604,chrX:159346609,chrX:159346615,chrX:159346636,chrX:159346644,chrX:159346650,chrX:159346677,chrX:159346679","A/A,G/G,T/T,C/C,A/A,G/G,T/T,C/C,C/C,T/T,A/A,T/T,T/T,G/G,A/A,G/G",159346591,159346690,+,/5Phos/TGACTTGAGGATCACTTGTAGTGAAATCTTAGTTGTGGTAGTCC,0,1,0,Rps6ka3_probe_10,100,1,"Mus musculus strain C57BL/6J chromosome X, GRCm39",158129555,158129586
Rps6ka3,mouse,X,intron,CCTATGGAATAGTGGCAGCTTTTATATCGG,CCGATATAAAAGCTGCCACTATTCCATAGG,30,159250001,159250030,+,-,-32,0.977849405,-30.27849405,0.433333333,1,1,1,1,0,1,1,4,5,"chrX:159250082,chrX:159250087,chrX:159250107,chrX:159250109,chrX:159250111","C/C,G/G,G/G,T/T,C/C,T/T,T/T,C/C,A/A,G/G",159250031,159250130,+,/5Phos/TGACTTGAGGATCCTATGGAATAGTGGCAGCTTTTATATCGG,0,1,0,Rps6ka3_probe_25,100,1,"Mus musculus strain C57BL/6J chromosome X, GRCm39",158032997,158033026
Rps6ka3,mouse,X,intron,ATACGTTGAGCTGCCTGCAGGTGCTC,GAGCACCTGCAGGCAGCTCAACGTAT,26,159244737,159244762,+,-,-32,0.912150595,-33.07849405,0.576923077,1,1,1,1,1,1,1,5,4,"chrX:159244815,chrX:159244817,chrX:159244818,chrX:159244819","A/A,G/G,A/A,G/G,C/C,T/T,A/A,G/G",159244763,159244862,+,/5Phos/TGACTTGAGGATATACGTTGAGCTGCCTGCAGGTGCTC,0,1,0,Rps6ka3_probe_54,100,1,"Mus musculus strain C57BL/6J chromosome X, GRCm39",158027733,158027758
Rps6ka6,mouse,X,intergenic,GCTTTATACTAAGAATTCGTCCAGGGCTCTAC,GTAGAGCCCTGGACGAATTCTTAGTATAAAGC,32,111490696,111490727,-,+,-32,0.937849405,-33.57849405,0.4375,1,1,1,1,1,1,1,5,4,"chrX:111490597,chrX:111490624,chrX:111490654,chrX:111490673","T/T,C/C,C/C,T/T,T/T,G/G,C/C,T/T",111490596,111490695,-,/5Phos/TGACTTGAGGATGCTTTATACTAAGAATTCGTCCAGGGCTCTAC,0,1,0,Rps6ka6_probe_53,100,1,"Mus musculus strain C57BL/6J chromosome X, GRCm39",110400393,110400424
Rps6ka6,mouse,X,intron,GCTGCATGCCATTGCTAATTATCCAATTGCTT,AAGCAATTGGATAATTAGCAATGGCATGCAGC,32,111474483,111474514,-,+,-32,0.912150595,-36.77849405,0.40625,1,1,1,1,1,1,1,5,2,"chrX:111474448,chrX:111474458","C/C,T/T,C/C,A/A",111474383,111474482,-,/5Phos/TGACTTGAGGATGCTGCATGCCATTGCTAATTATCCAATTGCTT,0,1,0,Rps6ka6_probe_11571,100,1,"Mus musculus strain C57BL/6J chromosome X, GRCm39",110384180,110384211
Rps6ka6,mouse,X,intergenic,TGGTCTTTGGCAAGGCTCTGAAACTGTCC,GGACAGTTTCAGAGCCTTGCCAAAGACCA,29,111527533,111527561,-,+,-32,0.952150595,-33.07849405,0.517241379,1,1,1,1,1,1,1,5,2,"chrX:111527488,chrX:111527504","C/C,A/A,A/A,G/G",111527433,111527532,-,/5Phos/TGACTTGAGGATTGGTCTTTGGCAAGGCTCTGAAACTGTCC,0,1,0,Rps6ka6_probe_139,100,1,"Mus musculus strain C57BL/6J chromosome X, GRCm39",110437230,110437258
Smc1a,mouse,X,intron,CTCTGCAGTGGGTTTATGCACACATTTTGG,CCAAAATGTGTGCATAAACCCACTGCAGAG,30,152050515,152050544,+,-,-32,0.987849405,-31.87849405,0.466666667,1,1,1,1,0,1,1,4,5,"chrX:152050548,chrX:152050552,chrX:152050616,chrX:152050618,chrX:152050621","C/C,T/T,A/A,G/G,G/G,A/A,C/C,T/T,T/T,G/G",152050545,152050644,+,/5Phos/TGACTTGAGGATCTCTGCAGTGGGTTTATGCACACATTTTGG,0,1,0,Smc1a_probe_20,100,1,"Mus musculus strain C57BL/6J chromosome X, GRCm39",150833511,150833540
Smc1a,mouse,X,intron,CCAGCACCTTCCCAATTTTCTAGGAGACATTT,AAATGTCTCCTAGAAAATTGGGAAGGTGCTGG,32,152041156,152041187,+,-,-32,0.907849405,-34.67849405,0.4375,1,1,1,1,0,1,0,3,5,"chrX:152041194,chrX:152041210,chrX:152041215,chrX:152041258,chrX:152041260","A/A,G/G,T/T,C/C,G/G,T/T,A/A,G/G,T/T,G/G",152041188,152041287,+,/5Phos/TGACTTGAGGATCCAGCACCTTCCCAATTTTCTAGGAGACATTT,0,1,0,Smc1a_probe_43,100,1,"Mus musculus strain C57BL/6J chromosome X, GRCm39",150824152,150824183
Smc1a,mouse,X,exon,TCACTCTGTGAGTACTTCAGCCGCATTTGAA,TTCAAATGCGGCTGAAGTACTCACAGAGTGA,31,152036405,152036435,+,-,-32,0.967849405,-33.87849405,0.451612903,1,1,1,1,1,1,1,5,3,"chrX:152036485,chrX:152036503,chrX:152036510","G/G,C/C,C/C,T/T,A/A,G/G",152036436,152036535,+,/5Phos/TGACTTGAGGATTCACTCTGTGAGTACTTCAGCCGCATTTGAA,0,1,0,Smc1a_probe_85,100,1,"Mus musculus strain C57BL/6J chromosome X, GRCm39",150819401,150819431
Spen,mouse,4,intron,TGTGTAACCTGTAGTTGCCTGCTCATTTCCA,TGGAAATGAGCAGGCAACTACAGGTTACACA,31,141496032,141496062,-,+,-32,0.977849405,-34.97849405,0.451612903,1,1,1,1,1,1,1,5,5,"chr4:141495932,chr4:141495933,chr4:141495983,chr4:141495985,chr4:141495989","A/A,T/T,A/A,C/C,C/C,T/T,G/G,A/A,C/C,T/T",141495932,141496031,-,/5Phos/TGACTTGAGGATTGTGTAACCTGTAGTTGCCTGCTCATTTCCA,0,1,0,Spen_probe_17,100,1,"Mus musculus strain C57BL/6J chromosome 4, GRCm39",141223343,141223373
Spen,mouse,4,intron,ACTTACCTGTAGAGCGTACTGGAAGATTCTG,CAGAATCTTCCAGTACGCTCTACAGGTAAGT,31,141494232,141494262,-,+,-32,0.997849405,-31.97849405,0.451612903,1,1,1,1,0,1,1,4,5,"chr4:141494135,chr4:141494143,chr4:141494150,chr4:141494161,chr4:141494165","A/A,G/G,A/A,G/G,G/G,A/A,C/C,T/T,A/A,G/G",141494132,141494231,-,/5Phos/TGACTTGAGGATACTTACCTGTAGAGCGTACTGGAAGATTCTG,0,1,0,Spen_probe_18,100,1,"Mus musculus strain C57BL/6J chromosome 4, GRCm39",141221543,141221573
Spen,mouse,4,intron,CCTCATTTAACCTTGCTCTTGCGGCAGGAA,TTCCTGCCGCAAGAGCAAGGTTAAATGAGG,30,141498754,141498783,-,+,-32,0.987849405,-34.87849405,0.5,1,1,1,1,0,1,1,4,5,"chr4:141498658,chr4:141498667,chr4:141498707,chr4:141498708,chr4:141498739","T/T,C/C,C/C,G/G,A/A,C/C,G/G,A/A,T/T,C/C",141498654,141498753,-,/5Phos/TGACTTGAGGATCCTCATTTAACCTTGCTCTTGCGGCAGGAA,0,1,0,Spen_probe_21,100,1,"Mus musculus strain C57BL/6J chromosome 4, GRCm39",141226065,141226094
Tsix,mouse,X,intron,CCGGCTTTGCCTATACATCACAAAGTCTGTTT,AAACAGACTTTGTGATGTATAGGCAAAGCCGG,32,103445074,103445105,+,-,-32,0.927849405,-34.57849405,0.4375,1,1,1,1,0,1,1,4,3,"chrX:103445149,chrX:103445199,chrX:103445200","T/T,C/C,A/A,G/G,G/G,A/A",103445106,103445205,+,/5Phos/TGACTTGAGGATCCGGCTTTGCCTATACATCACAAAGTCTGTTT,0,1,0,Tsix_probe_113,100,1,"Mus musculus strain C57BL/6J chromosome X, GRCm39",102488680,102488711
Tsix,mouse,X,intron,TTAACAAGTGTTGGCATATCTGGTTCCTACCA,TGGTAGGAACCAGATATGCCAACACTTGTTAA,32,103477386,103477417,+,-,-32,0.957849405,-32.97849405,0.40625,1,1,1,1,0,1,0,3,3,"chrX:103477454,chrX:103477460,chrX:103477495","T/T,C/C,G/G,A/A,G/G,A/A",103477418,103477517,+,/5Phos/TGACTTGAGGATTTAACAAGTGTTGGCATATCTGGTTCCTACCA,0,1,0,Tsix_probe_117,100,1,"Mus musculus strain C57BL/6J chromosome X, GRCm39",102520992,102521023
Tsix,mouse,X,intron,GTGTGCTCTCTTTGCATACCATCAAGGCTA,TAGCCTTGATGGTATGCAAAGAGAGCACAC,30,103475801,103475830,+,-,-32,0.987849405,-34.87849405,0.466666667,1,1,1,1,1,1,1,5,2,"chrX:103475844,chrX:103475884","T/T,C/C,T/T,C/C",103475831,103475930,+,/5Phos/TGACTTGAGGATGTGTGCTCTCTTTGCATACCATCAAGGCTA,0,1,0,Tsix_probe_128,100,1,"Mus musculus strain C57BL/6J chromosome X, GRCm39",102519407,102519436
Xist,mouse,X,exon,CTGGAACTCAGTATGGAGGGGGTATA,TATACCCCCTCCATACTGAGTTCCAG,26,103478669,103478694,-,+,-32,0.987849405,-26.37849405,0.5,1,1,1,1,0,1,1,4,4,"chrX:103478637,chrX:103478640,chrX:103478642,chrX:103478643","C/C,G/G,T/T,C/C,C/C,G/G,T/T,C/C",103478569,103478668,-,/5Phos/TGACTTGAGGATCTGGAACTCAGTATGGAGGGGGTATA,0,1,0,Xist_probe_58,100,1,"Mus musculus strain C57BL/6J chromosome X, GRCm39",102522275,102522300
Xist,mouse,X,exon,AGCGACTGCATATTTAATTGTCAGCTTCACTC,GAGTGAAGCTGACAATTAAATATGCAGTCGCT,32,103468413,103468444,-,+,-32,0.917849405,-33.97849405,0.40625,1,1,1,1,1,1,1,5,2,"chrX:103468325,chrX:103468332","T/T,A/A,G/G,A/A",103468313,103468412,-,/5Phos/TGACTTGAGGATAGCGACTGCATATTTAATTGTCAGCTTCACTC,0,1,0,Xist_probe_147,100,1,"Mus musculus strain C57BL/6J chromosome X, GRCm39",102512019,102512050
Xist,mouse,X,intron,TAAATCCAGGCAATCCTTCTTCTTGAGGCAG,CTGCCTCAAGAAGAAGGATTGCCTGGATTTA,31,103470863,103470893,-,+,-32,0.997849405,-33.77849405,0.451612903,1,1,1,1,1,1,1,5,2,"chrX:103470799,chrX:103470825","T/T,G/G,A/A,G/G",103470763,103470862,-,/5Phos/TGACTTGAGGATTAAATCCAGGCAATCCTTCTTCTTGAGGCAG,0,1,0,Xist_probe_122,100,1,"Mus musculus strain C57BL/6J chromosome X, GRCm39",102514469,102514499
Xist,mouse,X,exon,ATTCTGGACCTATTGGGAAGGGGCTAT,ATAGCCCCTTCCCAATAGGTCCAGAAT,27,103466637,103466663,-,+,-32,0.962150595,-29.97849405,0.481481481,1,1,1,1,0,1,1,4,2,"chrX:103466557,chrX:103466630","C/C,T/T,G/G,A/A",103466537,103466636,-,/5Phos/TGACTTGAGGATATTCTGGACCTATTGGGAAGGGGCTAT,0,1,0,Xist_probe_167,100,1,"Mus musculus strain C57BL/6J chromosome X, GRCm39",102510243,102510269
Xist,mouse,X,intron,CATACAAAGACCTGGTCTGGTTCTGCCAC,GTGGCAGAACCAGACCAGGTCTTTGTATG,29,103471475,103471503,-,+,-32,0.937849405,-33.27849405,0.517241379,1,1,1,1,0,1,1,4,2,"chrX:103471400,chrX:103471469","G/G,A/A,A/A,G/G",103471375,103471474,-,/5Phos/TGACTTGAGGATCATACAAAGACCTGGTCTGGTTCTGCCAC,0,1,0,Xist_probe_173,100,1,"Mus musculus strain C57BL/6J chromosome X, GRCm39",102515081,102515109
Xist,mouse,X,exon,TGCCGCACAGGTCATATGTGTAAGGG,CCCTTACACATATGACCTGTGCGGCA,26,103475936,103475961,-,+,-32,0.962150595,-29.37849405,0.538461538,1,1,1,1,0,1,0,3,2,"chrX:103475844,chrX:103475884","T/T,C/C,T/T,C/C",103475836,103475935,-,/5Phos/TGACTTGAGGATTGCCGCACAGGTCATATGTGTAAGGG,0,1,0,Xist_probe_182,100,1,"Mus musculus strain C57BL/6J chromosome X, GRCm39",102519542,102519567
Zfp42,mouse,8,intron,ACCATCCAGGACCTGTCTCCGCAGACA,TGTCTGCGGAGACAGGTCCTGGATGGT,27,43305447,43305473,-,+,-32,0.972150595,-35.97849405,0.592592593,1,1,1,1,0,1,0,3,3,"chr8:43305411,chr8:43305426,chr8:43305441","T/T,C/C,A/A,T/T,C/C,G/G",43305347,43305446,-,/5Phos/TGACTTGAGGATACCATCCAGGACCTGTCTCCGCAGACA,0,1,0,Zfp42_probe_116,100,1,"Mus musculus strain C57BL/6J chromosome 8, GRCm39",43758484,43758510
Zfp42,mouse,8,intron,AAACAGCCGTGCTGATCCAGCTGAGG,CCTCAGCTGGATCAGCACGGCTGTTT,26,43303551,43303576,-,+,-32,0.932150595,-31.87849405,0.576923077,1,1,1,1,1,1,1,5,2,"chr8:43303472,chr8:43303505","A/A,G/G,C/C,G/G",43303451,43303550,-,/5Phos/TGACTTGAGGATAAACAGCCGTGCTGATCCAGCTGAGG,0,1,0,Zfp42_probe_145,100,1,"Mus musculus strain C57BL/6J chromosome 8, GRCm39",43756588,43756613
Zfp42,mouse,8,exon,ATTCTACGGAAAGCCATTTGCGTTGCAGTTC,GAACTGCAACGCAAATGGCTTTCCGTAGAAT,31,43305940,43305970,-,+,-32,0.972150595,-32.47849405,0.451612903,1,1,1,1,1,1,1,5,2,"chr8:43305893,chr8:43305933","T/T,C/C,C/C,G/G",43305840,43305939,-,/5Phos/TGACTTGAGGATATTCTACGGAAAGCCATTTGCGTTGCAGTTC,0,1,0,Zfp42_probe_133,100,1,"Mus musculus strain C57BL/6J chromosome 8, GRCm39",43758977,43759007
